{
 "skill0": {
  "name": "skill0",
  "intermediate_states": [
   [
    {
     "x0": true,
     "x1": false,
     "x2": false,
     "y0": true,
     "y1": false,
     "y2": false
    },
    [
     {
      "x0": false,
      "x1": false,
      "x2": true,
      "y0": true,
      "y1": false,
      "y2": false
     }
    ]
   ]
  ],
  "initial_preconditions": [
   {
    "x0": true,
    "x1": false,
    "x2": false,
    "y0": true,
    "y1": false,
    "y2": false
   }
  ],
  "final_postconditions": [
   {
    "x0": false,
    "x1": false,
    "x2": true,
    "y0": true,
    "y1": false,
    "y2": false
   }
  ],
  "folder_train": "../data/nine_squares_copy/trajectories//skill0/train/",
  "folder_val": "../data/nine_squares_copy/trajectories//skill0/train/"
 },
 "skill1": {
    "name": "skill1",
    "intermediate_states": [
     [
      {
        "x0": false,
        "x1": false,
        "x2": true,
        "y0": true,
        "y1": false,
        "y2": false
      },
      [
       {
        "x0": false,
        "x1": false,
        "x2": true,
        "y0": false,
        "y1": false,
        "y2": true
       }
      ]
     ]
    ],
    "initial_preconditions": [
     {
        "x0": false,
        "x1": false,
        "x2": true,
        "y0": true,
        "y1": false,
        "y2": false
     }
    ],
    "final_postconditions": [
     {
        "x0": false,
        "x1": false,
        "x2": true,
        "y0": false,
        "y1": false,
        "y2": true
     }
    ],
    "folder_train": "../data/nine_squares_copy/trajectories//skill1/train/",
    "folder_val": "../data/nine_squares_copy/trajectories//skill1/train/"
   },
   "skill2": {
    "name": "skill2",
    "intermediate_states": [
     [
      {
       "x0": true,
       "x1": false,
       "x2": false,
       "y0": true,
       "y1": false,
       "y2": false
      },
      [
       {
        "x0": true,
        "x1": false,
        "x2": false,
        "y0": false,
        "y1": false,
        "y2": true
       },
       {
        "x0": true,
        "x1": false,
        "x2": false,
        "y0": false,
        "y1": true,
        "y2": false
       }
      ]
     ]
    ],
    "initial_preconditions": [
     {
      "x0": true,
      "x1": false,
      "x2": false,
      "y0": true,
      "y1": false,
      "y2": false
     }
    ],
    "final_postconditions": [
     {
        "x0": true,
        "x1": false,
        "x2": false,
        "y0": false,
        "y1": false,
        "y2": true
     },
     {
        "x0": true,
        "x1": false,
        "x2": false,
        "y0": false,
        "y1": true,
        "y2": false
     }
    ],
    "folder_train": "../data/nine_squares_copy/trajectories//skill2/train/",
    "folder_val": "../data/nine_squares_copy/trajectories//skill2/train/"
    },
    "skill3": {
        "name": "skill3",
        "intermediate_states": [
         [
          {
            "x0": true,
            "x1": false,
            "x2": false,
            "y0": false,
            "y1": false,
            "y2": true
          },
          [
           {
            "x0": false,
            "x1": false,
            "x2": true,
            "y0": false,
            "y1": false,
            "y2": true
           }
          ]
         ]
        ],
        "initial_preconditions": [
         {
            "x0": true,
            "x1": false,
            "x2": false,
            "y0": false,
            "y1": false,
            "y2": true
         }
        ],
        "final_postconditions": [
         {
            "x0": false,
            "x1": false,
            "x2": true,
            "y0": false,
            "y1": false,
            "y2": true
         }
        ],
        "folder_train": "../data/nine_squares_copy/trajectories//skill3/train/",
        "folder_val": "../data/nine_squares_copy/trajectories//skill3/train/"
        },
        "skill4": {
            "name": "skill4",
            "intermediate_states": [
             [
              {
                "x0": false,
                "x1": false,
                "x2": true,
                "y0": false,
                "y1": false,
                "y2": true
              },
              [
               {
                "x0": true,
                "x1": false,
                "x2": false,
                "y0": true,
                "y1": false,
                "y2": false
               }
              ]
             ]
            ],
            "initial_preconditions": [
             {
                "x0": false,
                "x1": false,
                "x2": true,
                "y0": false,
                "y1": false,
                "y2": true
             }
            ],
            "final_postconditions": [
             {
                "x0": true,
                "x1": false,
                "x2": false,
                "y0": true,
                "y1": false,
                "y2": false
             }
            ],
            "folder_train": "../data/nine_squares_copy/trajectories//skill4/train/",
            "folder_val": "../data/nine_squares_copy/trajectories//skill4/train/"
            }
}