{"x0": {"dims": [0, 1],
      "name": "x0",
      "bounds": [[0, 1], [0, 3]],
      "index": 0,
      "factor": 0,
      "color": "blue",
      "type": "rectangle"},
"x1": {"dims": [0, 1],
      "name": "x1",
      "bounds": [[1, 2], [0, 3]],
      "index": 1,
      "factor": 0,
      "color": "green",
      "type": "rectangle"},
"x2": {"dims": [0, 1],
      "name": "x2",
      "bounds": [[2, 3], [0, 3]],
      "index": 2,
      "factor": 0,
      "color": "red",
      "type": "rectangle"},
"y0": {"dims": [0, 1],
      "name": "y0",
      "bounds": [[0, 3], [0, 1]],
      "index": 3,
      "factor": 1,
      "color": "magenta",
      "type": "rectangle"},
"y1": {"dims": [0, 1],
      "name": "y1",
      "bounds": [[0, 3], [1, 2]],
      "index": 4,
      "factor": 1,
      "color": "yellow",
      "type": "rectangle"},
"y2": {"dims": [0, 1],
      "name": "y2",
      "bounds": [[0, 3], [2, 3]],
      "index": 5,
      "factor": 1,
      "color": "orange",
      "type": "rectangle"}
}
