{
  "return_with_one_repair": true,
  "run_original": false,
  "only_synthesis": false,
  "enforce_reactive_variables": true,
  "suggestions": "none",
  "do_names": true,
  "post_first": false,
  "post_repair_cnt": 0,
  "to_file": false,
  "fid_base": "none",
  "existing_skills": ["skill0", "skill1", "skill2", "skill3", "skill4", "skill0b", "skill1b", "skill2b", "skill3b", "skill4b"],
  "reactive_variables": ["user"],
  "reactive_variables_current": ["user"],
  "n_factors": 2,
  "generate_figure": ""
}
