{
  "file_symbols": "../data/nine_squares_copy/nine_squares_symbols.json",
  "file_skills": "../data/nine_squares_copy/nine_squares_skills.json",
  "folder_trajectories": "../data/nine_squares_copy/trajectories/",
  "folder_plot": "../data/nine_squares_copy/plots/",
  "skill_names": ["skill0", "skill1", "skill2", "skill3", "skill4"],
  "file_structured_slugs": "../data/nine_squares_copy/nine_squares_a.structuredslugs",
  "file_log": "../data/nine_squares_copy/log_a.txt",
  "f_user_spec": "../data/nine_squares_copy/nine_squares_a.json"
}
